objectID,title,description,category,type,anchor,url
admin-appsRetrieve,appsRetrieve,Retrieve a object of app.,Admin API,apps,/docs/api/admin/redirect/?v=2024-04-01#/operations/appsRetrieve,https://developers.29next.com/docs/api/admin/redirect/?v=2024-04-01#/operations/appsRetrieve
admin-appsSettingsDestroy,appsSettingsDestroy,Delete an existing app settings.,Admin API,apps,/docs/api/admin/redirect/?v=2024-04-01#/operations/appsSettingsDestroy,https://developers.29next.com/docs/api/admin/redirect/?v=2024-04-01#/operations/appsSettingsDestroy
admin-appsSettingsRetrieve,appsSettingsRetrieve,Retrieve a object of all app settings.,Admin API,apps,/docs/api/admin/redirect/?v=2024-04-01#/operations/appsSettingsRetrieve,https://developers.29next.com/docs/api/admin/redirect/?v=2024-04-01#/operations/appsSettingsRetrieve
admin-appsSettingsPartialUpdate,appsSettingsPartialUpdate,Partially update an existing app settings.,Admin API,apps,/docs/api/admin/redirect/?v=2024-04-01#/operations/appsSettingsPartialUpdate,https://developers.29next.com/docs/api/admin/redirect/?v=2024-04-01#/operations/appsSettingsPartialUpdate
admin-appsSettingsUpdate,appsSettingsUpdate,Update an existing app settings.,Admin API,apps,/docs/api/admin/redirect/?v=2024-04-01#/operations/appsSettingsUpdate,https://developers.29next.com/docs/api/admin/redirect/?v=2024-04-01#/operations/appsSettingsUpdate
admin-assignedFulfillmentOrdersList,assignedFulfillmentOrdersList,Retrieve assigned fulfillment order requests,Admin API,fulfillment,/docs/api/admin/redirect/?v=2024-04-01#/operations/assignedFulfillmentOrdersList,https://developers.29next.com/docs/api/admin/redirect/?v=2024-04-01#/operations/assignedFulfillmentOrdersList
admin-cartsList,cartsList,Retrieve a list of all open carts.,Admin API,carts,/docs/api/admin/redirect/?v=2024-04-01#/operations/cartsList,https://developers.29next.com/docs/api/admin/redirect/?v=2024-04-01#/operations/cartsList
admin-cartsCreate,cartsCreate,Create a new cart.,Admin API,carts,/docs/api/admin/redirect/?v=2024-04-01#/operations/cartsCreate,https://developers.29next.com/docs/api/admin/redirect/?v=2024-04-01#/operations/cartsCreate
admin-cartsDestroy,cartsDestroy,Delete an existing cart.,Admin API,carts,/docs/api/admin/redirect/?v=2024-04-01#/operations/cartsDestroy,https://developers.29next.com/docs/api/admin/redirect/?v=2024-04-01#/operations/cartsDestroy
admin-cartsRetrieve,cartsRetrieve,Retrieve a cart.,Admin API,carts,/docs/api/admin/redirect/?v=2024-04-01#/operations/cartsRetrieve,https://developers.29next.com/docs/api/admin/redirect/?v=2024-04-01#/operations/cartsRetrieve
admin-cartsUpdate,cartsUpdate,Update an existing cart.,Admin API,carts,/docs/api/admin/redirect/?v=2024-04-01#/operations/cartsUpdate,https://developers.29next.com/docs/api/admin/redirect/?v=2024-04-01#/operations/cartsUpdate
admin-categoriesList,categoriesList,Retrieve a list of categories.,Admin API,products,/docs/api/admin/redirect/?v=2024-04-01#/operations/categoriesList,https://developers.29next.com/docs/api/admin/redirect/?v=2024-04-01#/operations/categoriesList
admin-categoriesCreate,categoriesCreate,Create a new category.,Admin API,products,/docs/api/admin/redirect/?v=2024-04-01#/operations/categoriesCreate,https://developers.29next.com/docs/api/admin/redirect/?v=2024-04-01#/operations/categoriesCreate
admin-categoriesRetrieve,categoriesRetrieve,Retrieve a category.,Admin API,products,/docs/api/admin/redirect/?v=2024-04-01#/operations/categoriesRetrieve,https://developers.29next.com/docs/api/admin/redirect/?v=2024-04-01#/operations/categoriesRetrieve
admin-categoriesUpdate,categoriesUpdate,Update an existing category.,Admin API,products,/docs/api/admin/redirect/?v=2024-04-01#/operations/categoriesUpdate,https://developers.29next.com/docs/api/admin/redirect/?v=2024-04-01#/operations/categoriesUpdate
admin-disputesList,disputesList,Retrieve a list of disputes.,Admin API,payments,/docs/api/admin/redirect/?v=2024-04-01#/operations/disputesList,https://developers.29next.com/docs/api/admin/redirect/?v=2024-04-01#/operations/disputesList
admin-disputesCreate,disputesCreate,Create a new dispute.,Admin API,payments,/docs/api/admin/redirect/?v=2024-04-01#/operations/disputesCreate,https://developers.29next.com/docs/api/admin/redirect/?v=2024-04-01#/operations/disputesCreate
admin-disputesDestroy,disputesDestroy,Delete an existing dispute.,Admin API,payments,/docs/api/admin/redirect/?v=2024-04-01#/operations/disputesDestroy,https://developers.29next.com/docs/api/admin/redirect/?v=2024-04-01#/operations/disputesDestroy
admin-disputesRetrieve,disputesRetrieve,Retrieve a dispute.,Admin API,payments,/docs/api/admin/redirect/?v=2024-04-01#/operations/disputesRetrieve,https://developers.29next.com/docs/api/admin/redirect/?v=2024-04-01#/operations/disputesRetrieve
admin-disputesPartialUpdate,disputesPartialUpdate,Partial update an existing dispute.,Admin API,payments,/docs/api/admin/redirect/?v=2024-04-01#/operations/disputesPartialUpdate,https://developers.29next.com/docs/api/admin/redirect/?v=2024-04-01#/operations/disputesPartialUpdate
admin-disputesUpdate,disputesUpdate,Update an existing dispute.,Admin API,payments,/docs/api/admin/redirect/?v=2024-04-01#/operations/disputesUpdate,https://developers.29next.com/docs/api/admin/redirect/?v=2024-04-01#/operations/disputesUpdate
admin-disputesNotesList,disputesNotesList,Retrieve a list of all dispute notes in an existing dispute.,Admin API,payments,/docs/api/admin/redirect/?v=2024-04-01#/operations/disputesNotesList,https://developers.29next.com/docs/api/admin/redirect/?v=2024-04-01#/operations/disputesNotesList
admin-disputesNotesCreate,disputesNotesCreate,Create an dispute note in an existing dispute.,Admin API,payments,/docs/api/admin/redirect/?v=2024-04-01#/operations/disputesNotesCreate,https://developers.29next.com/docs/api/admin/redirect/?v=2024-04-01#/operations/disputesNotesCreate
admin-disputesResolveCreate,disputesResolveCreate,Resolve a dispute with a resolution and optional external refund.,Admin API,payments,/docs/api/admin/redirect/?v=2024-04-01#/operations/disputesResolveCreate,https://developers.29next.com/docs/api/admin/redirect/?v=2024-04-01#/operations/disputesResolveCreate
admin-fulfillmentOrdersList,fulfillmentOrdersList,Retrieve a list of fulfillment orders.,Admin API,fulfillment,/docs/api/admin/redirect/?v=2024-04-01#/operations/fulfillmentOrdersList,https://developers.29next.com/docs/api/admin/redirect/?v=2024-04-01#/operations/fulfillmentOrdersList
admin-fulfillmentOrdersRetrieve,fulfillmentOrdersRetrieve,Retrieve a fulfillment order.,Admin API,fulfillment,/docs/api/admin/redirect/?v=2024-04-01#/operations/fulfillmentOrdersRetrieve,https://developers.29next.com/docs/api/admin/redirect/?v=2024-04-01#/operations/fulfillmentOrdersRetrieve
admin-availableLocationsRetrieve,availableLocationsRetrieve,Retrieve available locations for a Fulfillment Order.,Admin API,fulfillment,/docs/api/admin/redirect/?v=2024-04-01#/operations/availableLocationsRetrieve,https://developers.29next.com/docs/api/admin/redirect/?v=2024-04-01#/operations/availableLocationsRetrieve
admin-fulfillmentOrdersCancel,fulfillmentOrdersCancel,Cancel fulfillment order,Admin API,fulfillment,/docs/api/admin/redirect/?v=2024-04-01#/operations/fulfillmentOrdersCancel,https://developers.29next.com/docs/api/admin/redirect/?v=2024-04-01#/operations/fulfillmentOrdersCancel
admin-cancellationRequestSend,cancellationRequestSend,Sends a fulfillment cancellation request to the fulfillment service.,Admin API,fulfillment,/docs/api/admin/redirect/?v=2024-04-01#/operations/cancellationRequestSend,https://developers.29next.com/docs/api/admin/redirect/?v=2024-04-01#/operations/cancellationRequestSend
admin-cancellationRequestAccept,cancellationRequestAccept,Accepts a fulfillment cancellation request sent to a fulfillment service for a fulfillment order.,Admin API,fulfillment,/docs/api/admin/redirect/?v=2024-04-01#/operations/cancellationRequestAccept,https://developers.29next.com/docs/api/admin/redirect/?v=2024-04-01#/operations/cancellationRequestAccept
admin-cancellationRequestCancel,cancellationRequestCancel,Cancel a requested fulfillment cancellation request.,Admin API,fulfillment,/docs/api/admin/redirect/?v=2024-04-01#/operations/cancellationRequestCancel,https://developers.29next.com/docs/api/admin/redirect/?v=2024-04-01#/operations/cancellationRequestCancel
admin-cancellationRequestReject,cancellationRequestReject,Rejects a fulfillment cancellation request sent to a fulfillment service for a fulfillment order.,Admin API,fulfillment,/docs/api/admin/redirect/?v=2024-04-01#/operations/cancellationRequestReject,https://developers.29next.com/docs/api/admin/redirect/?v=2024-04-01#/operations/cancellationRequestReject
admin-fulfillmentOrdersClose,fulfillmentOrdersClose,Marks an processing fulfillment order as incomplete,Admin API,fulfillment,/docs/api/admin/redirect/?v=2024-04-01#/operations/fulfillmentOrdersClose,https://developers.29next.com/docs/api/admin/redirect/?v=2024-04-01#/operations/fulfillmentOrdersClose
admin-fulfillmentRequestSend,fulfillmentRequestSend,Sends a fulfillment request to the fulfillment service of a fulfillment order.,Admin API,fulfillment,/docs/api/admin/redirect/?v=2024-04-01#/operations/fulfillmentRequestSend,https://developers.29next.com/docs/api/admin/redirect/?v=2024-04-01#/operations/fulfillmentRequestSend
admin-fulfillmentRequestAccept,fulfillmentRequestAccept,Accepts a fulfillment request sent to a fulfillment service for a fulfillment order.,Admin API,fulfillment,/docs/api/admin/redirect/?v=2024-04-01#/operations/fulfillmentRequestAccept,https://developers.29next.com/docs/api/admin/redirect/?v=2024-04-01#/operations/fulfillmentRequestAccept
admin-fulfillmentRequestCancel,fulfillmentRequestCancel,Cancel Requested Fulfillment Order.,Admin API,fulfillment,/docs/api/admin/redirect/?v=2024-04-01#/operations/fulfillmentRequestCancel,https://developers.29next.com/docs/api/admin/redirect/?v=2024-04-01#/operations/fulfillmentRequestCancel
admin-fulfillmentRequestReject,fulfillmentRequestReject,Rejects a fulfillment request sent to a fulfillment service for a fulfillment order.,Admin API,fulfillment,/docs/api/admin/redirect/?v=2024-04-01#/operations/fulfillmentRequestReject,https://developers.29next.com/docs/api/admin/redirect/?v=2024-04-01#/operations/fulfillmentRequestReject
admin-fulfillmentsRetrieve,fulfillmentsRetrieve,Retrieve Fulfillments for a Fulfillment Order.,Admin API,fulfillment,/docs/api/admin/redirect/?v=2024-04-01#/operations/fulfillmentsRetrieve,https://developers.29next.com/docs/api/admin/redirect/?v=2024-04-01#/operations/fulfillmentsRetrieve
admin-fulfillmentsCreate,fulfillmentsCreate,Create Fulfillments for a Fulfillment Order.,Admin API,fulfillment,/docs/api/admin/redirect/?v=2024-04-01#/operations/fulfillmentsCreate,https://developers.29next.com/docs/api/admin/redirect/?v=2024-04-01#/operations/fulfillmentsCreate
admin-fulfillmentOrdersHold,fulfillmentOrdersHold,Hold Fulfillment.,Admin API,fulfillment,/docs/api/admin/redirect/?v=2024-04-01#/operations/fulfillmentOrdersHold,https://developers.29next.com/docs/api/admin/redirect/?v=2024-04-01#/operations/fulfillmentOrdersHold
admin-fulfillmentOrdersMove,fulfillmentOrdersMove,Move location of a fulfillment order.,Admin API,fulfillment,/docs/api/admin/redirect/?v=2024-04-01#/operations/fulfillmentOrdersMove,https://developers.29next.com/docs/api/admin/redirect/?v=2024-04-01#/operations/fulfillmentOrdersMove
admin-fulfillmentOrdersReleaseHold,fulfillmentOrdersReleaseHold,Release On Hold Fulfillment.,Admin API,fulfillment,/docs/api/admin/redirect/?v=2024-04-01#/operations/fulfillmentOrdersReleaseHold,https://developers.29next.com/docs/api/admin/redirect/?v=2024-04-01#/operations/fulfillmentOrdersReleaseHold
admin-gatewayGroupsList,gatewayGroupsList,Retrieve a list of gatway groups.,Admin API,payments,/docs/api/admin/redirect/?v=2024-04-01#/operations/gatewayGroupsList,https://developers.29next.com/docs/api/admin/redirect/?v=2024-04-01#/operations/gatewayGroupsList
admin-gatewayGroupsRetrieve,gatewayGroupsRetrieve,Retrieve a gatway group.,Admin API,payments,/docs/api/admin/redirect/?v=2024-04-01#/operations/gatewayGroupsRetrieve,https://developers.29next.com/docs/api/admin/redirect/?v=2024-04-01#/operations/gatewayGroupsRetrieve
admin-gatewaysList,gatewaysList,Retrieve a list of gateways.,Admin API,payments,/docs/api/admin/redirect/?v=2024-04-01#/operations/gatewaysList,https://developers.29next.com/docs/api/admin/redirect/?v=2024-04-01#/operations/gatewaysList
admin-gatewaysRetrieve,gatewaysRetrieve,Retrieve a gateway.,Admin API,payments,/docs/api/admin/redirect/?v=2024-04-01#/operations/gatewaysRetrieve,https://developers.29next.com/docs/api/admin/redirect/?v=2024-04-01#/operations/gatewaysRetrieve
admin-giftCardsList,giftCardsList,Retrieve a list of gift cards.,Admin API,gift-cards,/docs/api/admin/redirect/?v=2024-04-01#/operations/giftCardsList,https://developers.29next.com/docs/api/admin/redirect/?v=2024-04-01#/operations/giftCardsList
admin-giftCardsCreate,giftCardsCreate,Create a gift card.,Admin API,gift-cards,/docs/api/admin/redirect/?v=2024-04-01#/operations/giftCardsCreate,https://developers.29next.com/docs/api/admin/redirect/?v=2024-04-01#/operations/giftCardsCreate
admin-giftCardsRetrieve,giftCardsRetrieve,Retrieve a gift card.,Admin API,gift-cards,/docs/api/admin/redirect/?v=2024-04-01#/operations/giftCardsRetrieve,https://developers.29next.com/docs/api/admin/redirect/?v=2024-04-01#/operations/giftCardsRetrieve
admin-giftCardsPartialUpdate,giftCardsPartialUpdate,Update a gift card.,Admin API,gift-cards,/docs/api/admin/redirect/?v=2024-04-01#/operations/giftCardsPartialUpdate,https://developers.29next.com/docs/api/admin/redirect/?v=2024-04-01#/operations/giftCardsPartialUpdate
admin-giftCardsDeactivate,giftCardsDeactivate,Deactivate a gift card.,Admin API,gift-cards,/docs/api/admin/redirect/?v=2024-04-01#/operations/giftCardsDeactivate,https://developers.29next.com/docs/api/admin/redirect/?v=2024-04-01#/operations/giftCardsDeactivate
admin-locationsList,locationsList,Retrieve a list of all configured fulfillment locations.,Admin API,fulfillment,/docs/api/admin/redirect/?v=2024-04-01#/operations/locationsList,https://developers.29next.com/docs/api/admin/redirect/?v=2024-04-01#/operations/locationsList
admin-locationsCreate,locationsCreate,Create a new fulfillment location.,Admin API,fulfillment,/docs/api/admin/redirect/?v=2024-04-01#/operations/locationsCreate,https://developers.29next.com/docs/api/admin/redirect/?v=2024-04-01#/operations/locationsCreate
admin-locationsDestroy,locationsDestroy,,Admin API,fulfillment,/docs/api/admin/redirect/?v=2024-04-01#/operations/locationsDestroy,https://developers.29next.com/docs/api/admin/redirect/?v=2024-04-01#/operations/locationsDestroy
admin-locationsRetrieve,locationsRetrieve,Retrieve an existing fulfillment location.,Admin API,fulfillment,/docs/api/admin/redirect/?v=2024-04-01#/operations/locationsRetrieve,https://developers.29next.com/docs/api/admin/redirect/?v=2024-04-01#/operations/locationsRetrieve
admin-locationsUpdate,locationsUpdate,Update an existing fulfillment location.,Admin API,fulfillment,/docs/api/admin/redirect/?v=2024-04-01#/operations/locationsUpdate,https://developers.29next.com/docs/api/admin/redirect/?v=2024-04-01#/operations/locationsUpdate
admin-metadataList,metadataList,Retrieve a list of metadata definitions.,Admin API,metadata,/docs/api/admin/redirect/?v=2024-04-01#/operations/metadataList,https://developers.29next.com/docs/api/admin/redirect/?v=2024-04-01#/operations/metadataList
admin-metadataCreate,metadataCreate,Create a new metadata definition.,Admin API,metadata,/docs/api/admin/redirect/?v=2024-04-01#/operations/metadataCreate,https://developers.29next.com/docs/api/admin/redirect/?v=2024-04-01#/operations/metadataCreate
admin-metadataDestroy,metadataDestroy,Delete an existing metadata definition.,Admin API,metadata,/docs/api/admin/redirect/?v=2024-04-01#/operations/metadataDestroy,https://developers.29next.com/docs/api/admin/redirect/?v=2024-04-01#/operations/metadataDestroy
admin-metadataRetrieve,metadataRetrieve,Retrieve a metadata definition.,Admin API,metadata,/docs/api/admin/redirect/?v=2024-04-01#/operations/metadataRetrieve,https://developers.29next.com/docs/api/admin/redirect/?v=2024-04-01#/operations/metadataRetrieve
admin-metadataPartialUpdate,metadataPartialUpdate,Partial update an existing metadata definition.,Admin API,metadata,/docs/api/admin/redirect/?v=2024-04-01#/operations/metadataPartialUpdate,https://developers.29next.com/docs/api/admin/redirect/?v=2024-04-01#/operations/metadataPartialUpdate
admin-metadataUpdate,metadataUpdate,Update an existing metadata definition.,Admin API,metadata,/docs/api/admin/redirect/?v=2024-04-01#/operations/metadataUpdate,https://developers.29next.com/docs/api/admin/redirect/?v=2024-04-01#/operations/metadataUpdate
admin-ordersList,ordersList,Retrieve a list of orders.,Admin API,orders,/docs/api/admin/redirect/?v=2024-04-01#/operations/ordersList,https://developers.29next.com/docs/api/admin/redirect/?v=2024-04-01#/operations/ordersList
admin-ordersCreate,ordersCreate,Create a new order.,Admin API,orders,/docs/api/admin/redirect/?v=2024-04-01#/operations/ordersCreate,https://developers.29next.com/docs/api/admin/redirect/?v=2024-04-01#/operations/ordersCreate
admin-ordersRetrieve,ordersRetrieve,Retrieve a order.,Admin API,orders,/docs/api/admin/redirect/?v=2024-04-01#/operations/ordersRetrieve,https://developers.29next.com/docs/api/admin/redirect/?v=2024-04-01#/operations/ordersRetrieve
admin-ordersPartialUpdate,ordersPartialUpdate,Partial update an existing order.,Admin API,orders,/docs/api/admin/redirect/?v=2024-04-01#/operations/ordersPartialUpdate,https://developers.29next.com/docs/api/admin/redirect/?v=2024-04-01#/operations/ordersPartialUpdate
admin-ordersUpdate,ordersUpdate,Update an existing order.,Admin API,orders,/docs/api/admin/redirect/?v=2024-04-01#/operations/ordersUpdate,https://developers.29next.com/docs/api/admin/redirect/?v=2024-04-01#/operations/ordersUpdate
admin-ordersAddLineItemsCreate,ordersAddLineItemsCreate,Add additional items to the order and charge the initial order payment method.,Admin API,orders,/docs/api/admin/redirect/?v=2024-04-01#/operations/ordersAddLineItemsCreate,https://developers.29next.com/docs/api/admin/redirect/?v=2024-04-01#/operations/ordersAddLineItemsCreate
admin-ordersCancelCreate,ordersCancelCreate,Cancel an existing order.,Admin API,orders,/docs/api/admin/redirect/?v=2024-04-01#/operations/ordersCancelCreate,https://developers.29next.com/docs/api/admin/redirect/?v=2024-04-01#/operations/ordersCancelCreate
admin-ordersCaptureCreate,ordersCaptureCreate,Captures the total amount of the previously authorized funds for this order.,Admin API,orders,/docs/api/admin/redirect/?v=2024-04-01#/operations/ordersCaptureCreate,https://developers.29next.com/docs/api/admin/redirect/?v=2024-04-01#/operations/ordersCaptureCreate
admin-ordersCollectPaymentCreate,ordersCollectPaymentCreate,Collect payment for an order outstanding balance on the order.                      Requires order original payment method to support merchant initiated transactions.,Admin API,orders,/docs/api/admin/redirect/?v=2024-04-01#/operations/ordersCollectPaymentCreate,https://developers.29next.com/docs/api/admin/redirect/?v=2024-04-01#/operations/ordersCollectPaymentCreate
admin-ordersFulfillmentOrdersRetrieve,ordersFulfillmentOrdersRetrieve,Retrieves a list of fulfillment orders for a specific order.,Admin API,orders,/docs/api/admin/redirect/?v=2024-04-01#/operations/ordersFulfillmentOrdersRetrieve,https://developers.29next.com/docs/api/admin/redirect/?v=2024-04-01#/operations/ordersFulfillmentOrdersRetrieve
admin-ordersFulfillmentsRetrieve,ordersFulfillmentsRetrieve,Retrieve order fulfillments.,Admin API,orders,/docs/api/admin/redirect/?v=2024-04-01#/operations/ordersFulfillmentsRetrieve,https://developers.29next.com/docs/api/admin/redirect/?v=2024-04-01#/operations/ordersFulfillmentsRetrieve
admin-ordersFulfillmentsCreate,ordersFulfillmentsCreate,Add shipment order for separate line.,Admin API,orders,/docs/api/admin/redirect/?v=2024-04-01#/operations/ordersFulfillmentsCreate,https://developers.29next.com/docs/api/admin/redirect/?v=2024-04-01#/operations/ordersFulfillmentsCreate
admin-ordersFulfillmentRetrieve,ordersFulfillmentRetrieve,Retrieve an existing order fulfillment.,Admin API,orders,/docs/api/admin/redirect/?v=2024-04-01#/operations/ordersFulfillmentRetrieve,https://developers.29next.com/docs/api/admin/redirect/?v=2024-04-01#/operations/ordersFulfillmentRetrieve
admin-ordersFulfillmentsEventsList,ordersFulfillmentsEventsList,Retrieve a list of fulfillment events of a order fulfillment.,Admin API,orders,/docs/api/admin/redirect/?v=2024-04-01#/operations/ordersFulfillmentsEventsList,https://developers.29next.com/docs/api/admin/redirect/?v=2024-04-01#/operations/ordersFulfillmentsEventsList
admin-ordersFulfillmentsEventsCreate,ordersFulfillmentsEventsCreate,Create a fulfillment event in an existing order fulfillment.,Admin API,orders,/docs/api/admin/redirect/?v=2024-04-01#/operations/ordersFulfillmentsEventsCreate,https://developers.29next.com/docs/api/admin/redirect/?v=2024-04-01#/operations/ordersFulfillmentsEventsCreate
admin-ordersFulfillmentsEventsDestroy,ordersFulfillmentsEventsDestroy,Delete an existing fulfillment event.,Admin API,orders,/docs/api/admin/redirect/?v=2024-04-01#/operations/ordersFulfillmentsEventsDestroy,https://developers.29next.com/docs/api/admin/redirect/?v=2024-04-01#/operations/ordersFulfillmentsEventsDestroy
admin-ordersFulfillmentsEventsRetrieve,ordersFulfillmentsEventsRetrieve,Retrieve a fulfillment event.,Admin API,orders,/docs/api/admin/redirect/?v=2024-04-01#/operations/ordersFulfillmentsEventsRetrieve,https://developers.29next.com/docs/api/admin/redirect/?v=2024-04-01#/operations/ordersFulfillmentsEventsRetrieve
admin-ordersLinesCreate,ordersLinesCreate,Add a new line item to an existing order.,Admin API,orders,/docs/api/admin/redirect/?v=2024-04-01#/operations/ordersLinesCreate,https://developers.29next.com/docs/api/admin/redirect/?v=2024-04-01#/operations/ordersLinesCreate
admin-ordersLinesDestroy,ordersLinesDestroy,Remove a line item from an existing order.,Admin API,orders,/docs/api/admin/redirect/?v=2024-04-01#/operations/ordersLinesDestroy,https://developers.29next.com/docs/api/admin/redirect/?v=2024-04-01#/operations/ordersLinesDestroy
admin-ordersLinesPartialUpdate,ordersLinesPartialUpdate,Update an existing line item in an order.,Admin API,orders,/docs/api/admin/redirect/?v=2024-04-01#/operations/ordersLinesPartialUpdate,https://developers.29next.com/docs/api/admin/redirect/?v=2024-04-01#/operations/ordersLinesPartialUpdate
admin-ordersMarkAsPaidCreate,ordersMarkAsPaidCreate,Marks an order as paid. You can only mark an order as paid if it isn't already fully paid.,Admin API,orders,/docs/api/admin/redirect/?v=2024-04-01#/operations/ordersMarkAsPaidCreate,https://developers.29next.com/docs/api/admin/redirect/?v=2024-04-01#/operations/ordersMarkAsPaidCreate
admin-ordersNotesList,ordersNotesList,Retrieve a list of all order notes in an existing order.,Admin API,orders,/docs/api/admin/redirect/?v=2024-04-01#/operations/ordersNotesList,https://developers.29next.com/docs/api/admin/redirect/?v=2024-04-01#/operations/ordersNotesList
admin-ordersNotesCreate,ordersNotesCreate,Create an order note in an existing order.,Admin API,orders,/docs/api/admin/redirect/?v=2024-04-01#/operations/ordersNotesCreate,https://developers.29next.com/docs/api/admin/redirect/?v=2024-04-01#/operations/ordersNotesCreate
admin-ordersRefundCreate,ordersRefundCreate,Refund an existing order.,Admin API,orders,/docs/api/admin/redirect/?v=2024-04-01#/operations/ordersRefundCreate,https://developers.29next.com/docs/api/admin/redirect/?v=2024-04-01#/operations/ordersRefundCreate
admin-ordersRefundCalculateCreate,ordersRefundCalculateCreate,,Admin API,orders,/docs/api/admin/redirect/?v=2024-04-01#/operations/ordersRefundCalculateCreate,https://developers.29next.com/docs/api/admin/redirect/?v=2024-04-01#/operations/ordersRefundCalculateCreate
admin-pagesList,pagesList,Retrieve a list of pages.,Admin API,storefront,/docs/api/admin/redirect/?v=2024-04-01#/operations/pagesList,https://developers.29next.com/docs/api/admin/redirect/?v=2024-04-01#/operations/pagesList
admin-pagesCreate,pagesCreate,Create a new page.,Admin API,storefront,/docs/api/admin/redirect/?v=2024-04-01#/operations/pagesCreate,https://developers.29next.com/docs/api/admin/redirect/?v=2024-04-01#/operations/pagesCreate
admin-pagesDestroy,pagesDestroy,Delete an existing page.,Admin API,storefront,/docs/api/admin/redirect/?v=2024-04-01#/operations/pagesDestroy,https://developers.29next.com/docs/api/admin/redirect/?v=2024-04-01#/operations/pagesDestroy
admin-pagesRetrieve,pagesRetrieve,Retrieve a page.,Admin API,storefront,/docs/api/admin/redirect/?v=2024-04-01#/operations/pagesRetrieve,https://developers.29next.com/docs/api/admin/redirect/?v=2024-04-01#/operations/pagesRetrieve
admin-pagesPartialUpdate,pagesPartialUpdate,Partially update an existing page.,Admin API,storefront,/docs/api/admin/redirect/?v=2024-04-01#/operations/pagesPartialUpdate,https://developers.29next.com/docs/api/admin/redirect/?v=2024-04-01#/operations/pagesPartialUpdate
admin-pagesUpdate,pagesUpdate,Update an existing page.,Admin API,storefront,/docs/api/admin/redirect/?v=2024-04-01#/operations/pagesUpdate,https://developers.29next.com/docs/api/admin/redirect/?v=2024-04-01#/operations/pagesUpdate
admin-productsList,productsList,Retrieve a list of all products.,Admin API,products,/docs/api/admin/redirect/?v=2024-04-01#/operations/productsList,https://developers.29next.com/docs/api/admin/redirect/?v=2024-04-01#/operations/productsList
admin-productsCreate,productsCreate,Create a new product.,Admin API,products,/docs/api/admin/redirect/?v=2024-04-01#/operations/productsCreate,https://developers.29next.com/docs/api/admin/redirect/?v=2024-04-01#/operations/productsCreate
admin-productsVariantsDestroy,productsVariantsDestroy,,Admin API,products,/docs/api/admin/redirect/?v=2024-04-01#/operations/productsVariantsDestroy,https://developers.29next.com/docs/api/admin/redirect/?v=2024-04-01#/operations/productsVariantsDestroy
admin-productsVariantsRetrieve,productsVariantsRetrieve,,Admin API,products,/docs/api/admin/redirect/?v=2024-04-01#/operations/productsVariantsRetrieve,https://developers.29next.com/docs/api/admin/redirect/?v=2024-04-01#/operations/productsVariantsRetrieve
admin-productsVariantsPartialUpdate,productsVariantsPartialUpdate,,Admin API,products,/docs/api/admin/redirect/?v=2024-04-01#/operations/productsVariantsPartialUpdate,https://developers.29next.com/docs/api/admin/redirect/?v=2024-04-01#/operations/productsVariantsPartialUpdate
admin-productsVariantsUpdate,productsVariantsUpdate,,Admin API,products,/docs/api/admin/redirect/?v=2024-04-01#/operations/productsVariantsUpdate,https://developers.29next.com/docs/api/admin/redirect/?v=2024-04-01#/operations/productsVariantsUpdate
admin-productsDestroy,productsDestroy,Delete an existing product.,Admin API,products,/docs/api/admin/redirect/?v=2024-04-01#/operations/productsDestroy,https://developers.29next.com/docs/api/admin/redirect/?v=2024-04-01#/operations/productsDestroy
admin-productsRetrieve,productsRetrieve,Retrieve a product.,Admin API,products,/docs/api/admin/redirect/?v=2024-04-01#/operations/productsRetrieve,https://developers.29next.com/docs/api/admin/redirect/?v=2024-04-01#/operations/productsRetrieve
admin-productsPartialUpdate,productsPartialUpdate,Partially update an existing product.,Admin API,products,/docs/api/admin/redirect/?v=2024-04-01#/operations/productsPartialUpdate,https://developers.29next.com/docs/api/admin/redirect/?v=2024-04-01#/operations/productsPartialUpdate
admin-productsUpdate,productsUpdate,Update an existing product.,Admin API,products,/docs/api/admin/redirect/?v=2024-04-01#/operations/productsUpdate,https://developers.29next.com/docs/api/admin/redirect/?v=2024-04-01#/operations/productsUpdate
admin-productsImageList,productsImageList,Retrieve a list of all images from a product.,Admin API,products,/docs/api/admin/redirect/?v=2024-04-01#/operations/productsImageList,https://developers.29next.com/docs/api/admin/redirect/?v=2024-04-01#/operations/productsImageList
admin-productsImageCreate,productsImageCreate,Create a new image in an existing product.,Admin API,products,/docs/api/admin/redirect/?v=2024-04-01#/operations/productsImageCreate,https://developers.29next.com/docs/api/admin/redirect/?v=2024-04-01#/operations/productsImageCreate
admin-productsImageDelete,productsImageDelete,Delete an image of the product.,Admin API,products,/docs/api/admin/redirect/?v=2024-04-01#/operations/productsImageDelete,https://developers.29next.com/docs/api/admin/redirect/?v=2024-04-01#/operations/productsImageDelete
admin-productsImageDetail,productsImageDetail,Retrieve the details of an image from a product.,Admin API,products,/docs/api/admin/redirect/?v=2024-04-01#/operations/productsImageDetail,https://developers.29next.com/docs/api/admin/redirect/?v=2024-04-01#/operations/productsImageDetail
admin-productsImageUpdate,productsImageUpdate,Update details of an existing product image.,Admin API,products,/docs/api/admin/redirect/?v=2024-04-01#/operations/productsImageUpdate,https://developers.29next.com/docs/api/admin/redirect/?v=2024-04-01#/operations/productsImageUpdate
admin-productsPricesList,productsPricesList,Retrieve a list of all prices from a product.,Admin API,products,/docs/api/admin/redirect/?v=2024-04-01#/operations/productsPricesList,https://developers.29next.com/docs/api/admin/redirect/?v=2024-04-01#/operations/productsPricesList
admin-productsPricesCreate,productsPricesCreate,Create a product price in an existing product.,Admin API,products,/docs/api/admin/redirect/?v=2024-04-01#/operations/productsPricesCreate,https://developers.29next.com/docs/api/admin/redirect/?v=2024-04-01#/operations/productsPricesCreate
admin-productsPricesDestroy,productsPricesDestroy,Delete a price in an existing product.,Admin API,products,/docs/api/admin/redirect/?v=2024-04-01#/operations/productsPricesDestroy,https://developers.29next.com/docs/api/admin/redirect/?v=2024-04-01#/operations/productsPricesDestroy
admin-productsPricesRetrieve,productsPricesRetrieve,Retrieve a price in an existing product.,Admin API,products,/docs/api/admin/redirect/?v=2024-04-01#/operations/productsPricesRetrieve,https://developers.29next.com/docs/api/admin/redirect/?v=2024-04-01#/operations/productsPricesRetrieve
admin-productsPricesPartialUpdate,productsPricesPartialUpdate,Update details of an existing product price.,Admin API,products,/docs/api/admin/redirect/?v=2024-04-01#/operations/productsPricesPartialUpdate,https://developers.29next.com/docs/api/admin/redirect/?v=2024-04-01#/operations/productsPricesPartialUpdate
admin-productsVariantList,productsVariantList,Retrieve a list of variant products for a product.,Admin API,products,/docs/api/admin/redirect/?v=2024-04-01#/operations/productsVariantList,https://developers.29next.com/docs/api/admin/redirect/?v=2024-04-01#/operations/productsVariantList
admin-productsVariantCreate,productsVariantCreate,Create a variant product in an existing product.,Admin API,products,/docs/api/admin/redirect/?v=2024-04-01#/operations/productsVariantCreate,https://developers.29next.com/docs/api/admin/redirect/?v=2024-04-01#/operations/productsVariantCreate
admin-shippingMethodsList,shippingMethodsList,Retrieve a list of all configured shipping methods.,Admin API,fulfillment,/docs/api/admin/redirect/?v=2024-04-01#/operations/shippingMethodsList,https://developers.29next.com/docs/api/admin/redirect/?v=2024-04-01#/operations/shippingMethodsList
admin-shippingMethodsRetrieve,shippingMethodsRetrieve,Retrieve an existing shipping method.,Admin API,fulfillment,/docs/api/admin/redirect/?v=2024-04-01#/operations/shippingMethodsRetrieve,https://developers.29next.com/docs/api/admin/redirect/?v=2024-04-01#/operations/shippingMethodsRetrieve
admin-stockrecordsList,stockrecordsList,Retrieve a list of stockrecords.,Admin API,products,/docs/api/admin/redirect/?v=2024-04-01#/operations/stockrecordsList,https://developers.29next.com/docs/api/admin/redirect/?v=2024-04-01#/operations/stockrecordsList
admin-stockrecordsCreate,stockrecordsCreate,Create a new stockrecord.,Admin API,products,/docs/api/admin/redirect/?v=2024-04-01#/operations/stockrecordsCreate,https://developers.29next.com/docs/api/admin/redirect/?v=2024-04-01#/operations/stockrecordsCreate
admin-stockrecordsDestroy,stockrecordsDestroy,Delete an existing stockrecord.,Admin API,products,/docs/api/admin/redirect/?v=2024-04-01#/operations/stockrecordsDestroy,https://developers.29next.com/docs/api/admin/redirect/?v=2024-04-01#/operations/stockrecordsDestroy
admin-stockrecordsRetrieve,stockrecordsRetrieve,Retrieve a stockrecord.,Admin API,products,/docs/api/admin/redirect/?v=2024-04-01#/operations/stockrecordsRetrieve,https://developers.29next.com/docs/api/admin/redirect/?v=2024-04-01#/operations/stockrecordsRetrieve
admin-stockrecordsPartialUpdate,stockrecordsPartialUpdate,Partial update an existing stockrecord.,Admin API,products,/docs/api/admin/redirect/?v=2024-04-01#/operations/stockrecordsPartialUpdate,https://developers.29next.com/docs/api/admin/redirect/?v=2024-04-01#/operations/stockrecordsPartialUpdate
admin-storeDetail,storeDetail,Retrieve general business information and store settings.,Admin API,store,/docs/api/admin/redirect/?v=2024-04-01#/operations/storeDetail,https://developers.29next.com/docs/api/admin/redirect/?v=2024-04-01#/operations/storeDetail
admin-subscriptionsList,subscriptionsList,Retrieve a list of subscriptions.,Admin API,subscriptions,/docs/api/admin/redirect/?v=2024-04-01#/operations/subscriptionsList,https://developers.29next.com/docs/api/admin/redirect/?v=2024-04-01#/operations/subscriptionsList
admin-subscriptionsCreate,subscriptionsCreate,Create a new subscription.,Admin API,subscriptions,/docs/api/admin/redirect/?v=2024-04-01#/operations/subscriptionsCreate,https://developers.29next.com/docs/api/admin/redirect/?v=2024-04-01#/operations/subscriptionsCreate
admin-subscriptionsRetrieve,subscriptionsRetrieve,Retrieve a subscription.,Admin API,subscriptions,/docs/api/admin/redirect/?v=2024-04-01#/operations/subscriptionsRetrieve,https://developers.29next.com/docs/api/admin/redirect/?v=2024-04-01#/operations/subscriptionsRetrieve
admin-subscriptionsPartialUpdate,subscriptionsPartialUpdate,Partial update an existing subscription.,Admin API,subscriptions,/docs/api/admin/redirect/?v=2024-04-01#/operations/subscriptionsPartialUpdate,https://developers.29next.com/docs/api/admin/redirect/?v=2024-04-01#/operations/subscriptionsPartialUpdate
admin-subscriptionsCancelCreate,subscriptionsCancelCreate,Cancel an existing subscription.,Admin API,subscriptions,/docs/api/admin/redirect/?v=2024-04-01#/operations/subscriptionsCancelCreate,https://developers.29next.com/docs/api/admin/redirect/?v=2024-04-01#/operations/subscriptionsCancelCreate
admin-subscriptionsLinesCreate,subscriptionsLinesCreate,Create a new subscription line.,Admin API,subscriptions,/docs/api/admin/redirect/?v=2024-04-01#/operations/subscriptionsLinesCreate,https://developers.29next.com/docs/api/admin/redirect/?v=2024-04-01#/operations/subscriptionsLinesCreate
admin-subscriptionsLinesDestroy,subscriptionsLinesDestroy,Delete a subscription line in an existing subscription line.,Admin API,subscriptions,/docs/api/admin/redirect/?v=2024-04-01#/operations/subscriptionsLinesDestroy,https://developers.29next.com/docs/api/admin/redirect/?v=2024-04-01#/operations/subscriptionsLinesDestroy
admin-subscriptionsLinesUpdate,subscriptionsLinesUpdate,Update an existing subscription line.,Admin API,subscriptions,/docs/api/admin/redirect/?v=2024-04-01#/operations/subscriptionsLinesUpdate,https://developers.29next.com/docs/api/admin/redirect/?v=2024-04-01#/operations/subscriptionsLinesUpdate
admin-subscriptionsRetryCreate,subscriptionsRetryCreate,Trigger a renewal payment retry for a subscription.,Admin API,subscriptions,/docs/api/admin/redirect/?v=2024-04-01#/operations/subscriptionsRetryCreate,https://developers.29next.com/docs/api/admin/redirect/?v=2024-04-01#/operations/subscriptionsRetryCreate
admin-subscriptionsTransactionsList,subscriptionsTransactionsList,Retrieve a list of transactions in an existing subscription.,Admin API,subscriptions,/docs/api/admin/redirect/?v=2024-04-01#/operations/subscriptionsTransactionsList,https://developers.29next.com/docs/api/admin/redirect/?v=2024-04-01#/operations/subscriptionsTransactionsList
admin-themesList,themesList,Retrieve a list of themes.,Admin API,storefront,/docs/api/admin/redirect/?v=2024-04-01#/operations/themesList,https://developers.29next.com/docs/api/admin/redirect/?v=2024-04-01#/operations/themesList
admin-themesCreate,themesCreate,Create a new theme.,Admin API,storefront,/docs/api/admin/redirect/?v=2024-04-01#/operations/themesCreate,https://developers.29next.com/docs/api/admin/redirect/?v=2024-04-01#/operations/themesCreate
admin-themesDestroy,themesDestroy,Delete an existing theme.,Admin API,storefront,/docs/api/admin/redirect/?v=2024-04-01#/operations/themesDestroy,https://developers.29next.com/docs/api/admin/redirect/?v=2024-04-01#/operations/themesDestroy
admin-themesRetrieve,themesRetrieve,Retrieve a theme.,Admin API,storefront,/docs/api/admin/redirect/?v=2024-04-01#/operations/themesRetrieve,https://developers.29next.com/docs/api/admin/redirect/?v=2024-04-01#/operations/themesRetrieve
admin-themesTemplatesDestroy,themesTemplatesDestroy,Delete an existing template in an existing theme.,Admin API,storefront,/docs/api/admin/redirect/?v=2024-04-01#/operations/themesTemplatesDestroy,https://developers.29next.com/docs/api/admin/redirect/?v=2024-04-01#/operations/themesTemplatesDestroy
admin-themesTemplatesRetrieve,themesTemplatesRetrieve,Retrieve a list of templates in an existing theme.,Admin API,storefront,/docs/api/admin/redirect/?v=2024-04-01#/operations/themesTemplatesRetrieve,https://developers.29next.com/docs/api/admin/redirect/?v=2024-04-01#/operations/themesTemplatesRetrieve
admin-themesTemplatesCreate,themesTemplatesCreate,Create a new template in an existing theme.,Admin API,storefront,/docs/api/admin/redirect/?v=2024-04-01#/operations/themesTemplatesCreate,https://developers.29next.com/docs/api/admin/redirect/?v=2024-04-01#/operations/themesTemplatesCreate
admin-ticketsList,ticketsList,Retrieve a list of tickets.,Admin API,support,/docs/api/admin/redirect/?v=2024-04-01#/operations/ticketsList,https://developers.29next.com/docs/api/admin/redirect/?v=2024-04-01#/operations/ticketsList
admin-ticketsCreate,ticketsCreate,Create a new ticket.,Admin API,support,/docs/api/admin/redirect/?v=2024-04-01#/operations/ticketsCreate,https://developers.29next.com/docs/api/admin/redirect/?v=2024-04-01#/operations/ticketsCreate
admin-ticketsAttachmentsCreate,ticketsAttachmentsCreate,Attach new files in an existing ticket.,Admin API,support,/docs/api/admin/redirect/?v=2024-04-01#/operations/ticketsAttachmentsCreate,https://developers.29next.com/docs/api/admin/redirect/?v=2024-04-01#/operations/ticketsAttachmentsCreate
admin-ticketsRetrieve,ticketsRetrieve,Retrieve a ticket.,Admin API,support,/docs/api/admin/redirect/?v=2024-04-01#/operations/ticketsRetrieve,https://developers.29next.com/docs/api/admin/redirect/?v=2024-04-01#/operations/ticketsRetrieve
admin-ticketsPartialUpdate,ticketsPartialUpdate,Partial update an existing ticket.,Admin API,support,/docs/api/admin/redirect/?v=2024-04-01#/operations/ticketsPartialUpdate,https://developers.29next.com/docs/api/admin/redirect/?v=2024-04-01#/operations/ticketsPartialUpdate
admin-ticketsUpdate,ticketsUpdate,Update an existing ticket.,Admin API,support,/docs/api/admin/redirect/?v=2024-04-01#/operations/ticketsUpdate,https://developers.29next.com/docs/api/admin/redirect/?v=2024-04-01#/operations/ticketsUpdate
admin-ticketsCommentsRetrieve,ticketsCommentsRetrieve,Retrieve a list of comments in an existing ticket.,Admin API,support,/docs/api/admin/redirect/?v=2024-04-01#/operations/ticketsCommentsRetrieve,https://developers.29next.com/docs/api/admin/redirect/?v=2024-04-01#/operations/ticketsCommentsRetrieve
admin-ticketsCommentsCreate,ticketsCommentsCreate,Create a new comment in an existing ticket.,Admin API,support,/docs/api/admin/redirect/?v=2024-04-01#/operations/ticketsCommentsCreate,https://developers.29next.com/docs/api/admin/redirect/?v=2024-04-01#/operations/ticketsCommentsCreate
admin-tickettypesList,tickettypesList,Retrieve a list of ticket types.,Admin API,support,/docs/api/admin/redirect/?v=2024-04-01#/operations/tickettypesList,https://developers.29next.com/docs/api/admin/redirect/?v=2024-04-01#/operations/tickettypesList
admin-tickettypesRetrieve,tickettypesRetrieve,Retrieve a ticket type.,Admin API,support,/docs/api/admin/redirect/?v=2024-04-01#/operations/tickettypesRetrieve,https://developers.29next.com/docs/api/admin/redirect/?v=2024-04-01#/operations/tickettypesRetrieve
admin-transactionsList,transactionsList,Retrieve a list of transactions.,Admin API,payments,/docs/api/admin/redirect/?v=2024-04-01#/operations/transactionsList,https://developers.29next.com/docs/api/admin/redirect/?v=2024-04-01#/operations/transactionsList
admin-transactionsVerifyCreate,transactionsVerifyCreate,Verify a card token.,Admin API,payments,/docs/api/admin/redirect/?v=2024-04-01#/operations/transactionsVerifyCreate,https://developers.29next.com/docs/api/admin/redirect/?v=2024-04-01#/operations/transactionsVerifyCreate
admin-transactionsRetrieve,transactionsRetrieve,Retrieve a transaction.,Admin API,payments,/docs/api/admin/redirect/?v=2024-04-01#/operations/transactionsRetrieve,https://developers.29next.com/docs/api/admin/redirect/?v=2024-04-01#/operations/transactionsRetrieve
admin-transactionsCaptureCreate,transactionsCaptureCreate,Capture an existing transaction.,Admin API,payments,/docs/api/admin/redirect/?v=2024-04-01#/operations/transactionsCaptureCreate,https://developers.29next.com/docs/api/admin/redirect/?v=2024-04-01#/operations/transactionsCaptureCreate
admin-transactionsRefundCreate,transactionsRefundCreate,Refund an existing transaction.,Admin API,payments,/docs/api/admin/redirect/?v=2024-04-01#/operations/transactionsRefundCreate,https://developers.29next.com/docs/api/admin/redirect/?v=2024-04-01#/operations/transactionsRefundCreate
admin-usersList,usersList,Retrieve a list of customers.,Admin API,customers,/docs/api/admin/redirect/?v=2024-04-01#/operations/usersList,https://developers.29next.com/docs/api/admin/redirect/?v=2024-04-01#/operations/usersList
admin-usersCreate,usersCreate,Create a new customer.,Admin API,customers,/docs/api/admin/redirect/?v=2024-04-01#/operations/usersCreate,https://developers.29next.com/docs/api/admin/redirect/?v=2024-04-01#/operations/usersCreate
admin-usersRetrieve,usersRetrieve,Retrieve a customer.,Admin API,customers,/docs/api/admin/redirect/?v=2024-04-01#/operations/usersRetrieve,https://developers.29next.com/docs/api/admin/redirect/?v=2024-04-01#/operations/usersRetrieve
admin-usersPartialUpdate,usersPartialUpdate,Partial update an existing customer.,Admin API,customers,/docs/api/admin/redirect/?v=2024-04-01#/operations/usersPartialUpdate,https://developers.29next.com/docs/api/admin/redirect/?v=2024-04-01#/operations/usersPartialUpdate
admin-usersUpdate,usersUpdate,Update an existing customer.,Admin API,customers,/docs/api/admin/redirect/?v=2024-04-01#/operations/usersUpdate,https://developers.29next.com/docs/api/admin/redirect/?v=2024-04-01#/operations/usersUpdate
admin-usersAddressesList,usersAddressesList,Retrieve a list of addresses in an existing customer.,Admin API,customers,/docs/api/admin/redirect/?v=2024-04-01#/operations/usersAddressesList,https://developers.29next.com/docs/api/admin/redirect/?v=2024-04-01#/operations/usersAddressesList
admin-usersAddressesCreate,usersAddressesCreate,,Admin API,customers,/docs/api/admin/redirect/?v=2024-04-01#/operations/usersAddressesCreate,https://developers.29next.com/docs/api/admin/redirect/?v=2024-04-01#/operations/usersAddressesCreate
admin-usersAddressesDestroy,usersAddressesDestroy,Delete an address in an existing customer.,Admin API,customers,/docs/api/admin/redirect/?v=2024-04-01#/operations/usersAddressesDestroy,https://developers.29next.com/docs/api/admin/redirect/?v=2024-04-01#/operations/usersAddressesDestroy
admin-usersAddressesRetrieve,usersAddressesRetrieve,Retrieve an address of an existing customer.,Admin API,customers,/docs/api/admin/redirect/?v=2024-04-01#/operations/usersAddressesRetrieve,https://developers.29next.com/docs/api/admin/redirect/?v=2024-04-01#/operations/usersAddressesRetrieve
admin-usersAddressesUpdate,usersAddressesUpdate,Update an address in an existing customer.,Admin API,customers,/docs/api/admin/redirect/?v=2024-04-01#/operations/usersAddressesUpdate,https://developers.29next.com/docs/api/admin/redirect/?v=2024-04-01#/operations/usersAddressesUpdate
admin-usersNotesList,usersNotesList,Retrieve a list of notes in an existing customer.,Admin API,customers,/docs/api/admin/redirect/?v=2024-04-01#/operations/usersNotesList,https://developers.29next.com/docs/api/admin/redirect/?v=2024-04-01#/operations/usersNotesList
admin-usersNotesCreate,usersNotesCreate,Create a new note in an existing customer.,Admin API,customers,/docs/api/admin/redirect/?v=2024-04-01#/operations/usersNotesCreate,https://developers.29next.com/docs/api/admin/redirect/?v=2024-04-01#/operations/usersNotesCreate
admin-usersOrdersRetrieve,usersOrdersRetrieve,Retrieve a list of orders in an existing customer.,Admin API,customers,/docs/api/admin/redirect/?v=2024-04-01#/operations/usersOrdersRetrieve,https://developers.29next.com/docs/api/admin/redirect/?v=2024-04-01#/operations/usersOrdersRetrieve
admin-usersSubscriptionsRetrieve,usersSubscriptionsRetrieve,Retrieve a list of subscriptions in an existing customer.,Admin API,customers,/docs/api/admin/redirect/?v=2024-04-01#/operations/usersSubscriptionsRetrieve,https://developers.29next.com/docs/api/admin/redirect/?v=2024-04-01#/operations/usersSubscriptionsRetrieve
admin-webhooksList,webhooksList,Retrieve a list of webhooks.,Admin API,webhooks,/docs/api/admin/redirect/?v=2024-04-01#/operations/webhooksList,https://developers.29next.com/docs/api/admin/redirect/?v=2024-04-01#/operations/webhooksList
admin-webhooksCreate,webhooksCreate,Create a new webhook.,Admin API,webhooks,/docs/api/admin/redirect/?v=2024-04-01#/operations/webhooksCreate,https://developers.29next.com/docs/api/admin/redirect/?v=2024-04-01#/operations/webhooksCreate
admin-webhooksDestroy,webhooksDestroy,Delete an existing webhook.,Admin API,webhooks,/docs/api/admin/redirect/?v=2024-04-01#/operations/webhooksDestroy,https://developers.29next.com/docs/api/admin/redirect/?v=2024-04-01#/operations/webhooksDestroy
admin-webhooksRetrieve,webhooksRetrieve,Retrieve a webhook.,Admin API,webhooks,/docs/api/admin/redirect/?v=2024-04-01#/operations/webhooksRetrieve,https://developers.29next.com/docs/api/admin/redirect/?v=2024-04-01#/operations/webhooksRetrieve
admin-webhooksPartialUpdate,webhooksPartialUpdate,Partial update an existing webhook.,Admin API,webhooks,/docs/api/admin/redirect/?v=2024-04-01#/operations/webhooksPartialUpdate,https://developers.29next.com/docs/api/admin/redirect/?v=2024-04-01#/operations/webhooksPartialUpdate
admin-webhooksUpdate,webhooksUpdate,Update an existing webhook.,Admin API,webhooks,/docs/api/admin/redirect/?v=2024-04-01#/operations/webhooksUpdate,https://developers.29next.com/docs/api/admin/redirect/?v=2024-04-01#/operations/webhooksUpdate
campaigns-campaignRetrieve,campaignRetrieve,Retrieve campaign details.,Campaigns API,campaigns,/docs/api/campaigns/redirect/?v=v1#/operations/campaignRetrieve,https://developers.29next.com/docs/api/campaigns/redirect/?v=v1#/operations/campaignRetrieve
campaigns-cartsCreate,cartsCreate,Create a new cart.,Campaigns API,carts,/docs/api/campaigns/redirect/?v=v1#/operations/cartsCreate,https://developers.29next.com/docs/api/campaigns/redirect/?v=v1#/operations/cartsCreate
campaigns-ordersCreate,ordersCreate,Create a new order.,Campaigns API,orders,/docs/api/campaigns/redirect/?v=v1#/operations/ordersCreate,https://developers.29next.com/docs/api/campaigns/redirect/?v=v1#/operations/ordersCreate
campaigns-orderRetrieve,orderRetrieve,Retrieve specific order details.,Campaigns API,orders,/docs/api/campaigns/redirect/?v=v1#/operations/orderRetrieve,https://developers.29next.com/docs/api/campaigns/redirect/?v=v1#/operations/orderRetrieve
campaigns-ordersUpsellCreate,ordersUpsellCreate,Add an upsell to an existing order.,Campaigns API,orders,/docs/api/campaigns/redirect/?v=v1#/operations/ordersUpsellCreate,https://developers.29next.com/docs/api/campaigns/redirect/?v=v1#/operations/ordersUpsellCreate
